[{"key":"datr","value":"o9SxZU3iTvkLglhTE8TWZL8u","domain":"facebook.com","path":"/","hostOnly":false,"creation":"2024-04-06T13:58:07.821Z","lastAccessed":"2024-04-06T13:58:07.821Z"},{"key":"sb","value":"o9SxZQwhDpExIEQgA9QYG2SJ","domain":"facebook.com","path":"/","hostOnly":false,"creation":"2024-04-06T13:58:07.821Z","lastAccessed":"2024-04-06T13:58:07.821Z"},{"key":"m_pixel_ratio","value":"2.5506443977355957","domain":"facebook.com","path":"/","hostOnly":false,"creation":"2024-04-06T13:58:07.821Z","lastAccessed":"2024-04-06T13:58:07.821Z"},{"key":"ps_n","value":"0","domain":"facebook.com","path":"/","hostOnly":false,"creation":"2024-04-06T13:58:07.821Z","lastAccessed":"2024-04-06T13:58:07.821Z"},{"key":"ps_l","value":"0","domain":"facebook.com","path":"/","hostOnly":false,"creation":"2024-04-06T13:58:07.821Z","lastAccessed":"2024-04-06T13:58:07.821Z"},{"key":"vpd","value":"v1%3B668x360x2.5506443977355957","domain":"facebook.com","path":"/","hostOnly":false,"creation":"2024-04-06T13:58:07.821Z","lastAccessed":"2024-04-06T13:58:07.821Z"},{"key":"locale","value":"en_GB","domain":"facebook.com","path":"/","hostOnly":false,"creation":"2024-04-06T13:58:07.821Z","lastAccessed":"2024-04-06T13:58:07.821Z"},{"key":"fr","value":"0OtIjlgussYlq849O.AWVo7NAOhvx6F6ti96qwIBG2IS0.BlsdSj..AAA.0.0.BmEVTI.AWUgb9uG4Eo","domain":"facebook.com","path":"/","hostOnly":false,"creation":"2024-04-06T13:58:07.821Z","lastAccessed":"2024-04-06T13:58:07.821Z"},{"key":"c_user","value":"100066637830071","domain":"facebook.com","path":"/","hostOnly":false,"creation":"2024-04-06T13:58:07.821Z","lastAccessed":"2024-04-06T13:58:07.821Z"},{"key":"xs","value":"1%3AhIx5_XOgc9hUCw%3A2%3A1712411849%3A-1%3A7833","domain":"facebook.com","path":"/","hostOnly":false,"creation":"2024-04-06T13:58:07.821Z","lastAccessed":"2024-04-06T13:58:07.821Z"},{"key":"m_page_voice","value":"100066637830071","domain":"facebook.com","path":"/","hostOnly":false,"creation":"2024-04-06T13:58:07.821Z","lastAccessed":"2024-04-06T13:58:07.821Z"},{"key":"wd","value":"423x785","domain":"facebook.com","path":"/","hostOnly":false,"creation":"2024-04-06T13:58:07.821Z","lastAccessed":"2024-04-06T13:58:07.821Z"},{"key":"x-referer","value":"eyJyIjoiL2hvbWUucGhwIiwiaCI6Ii9ob21lLnBocCIsInMiOiJtIn0%3D","domain":"facebook.com","path":"/","hostOnly":false,"creation":"2024-04-06T13:58:07.821Z","lastAccessed":"2024-04-06T13:58:07.821Z"},{"key":"wl_cbv","value":"v2%3Bclient_version%3A2458%3Btimestamp%3A1712411855","domain":"facebook.com","path":"/","hostOnly":false,"creation":"2024-04-06T13:58:07.821Z","lastAccessed":"2024-04-06T13:58:07.821Z"}]