[
  {
    "100040253298048": []
  },
  {
    "6341503545933155": [
      {
        "id": "100014570224558"
      },
      {
        "id": "100024019062452"
      },
      {
        "id": "100025044579986"
      },
      {
        "id": "100040253298048"
      },
      {
        "id": "100047545013107"
      },
      {
        "id": "100048892837161"
      },
      {
        "id": "100050635086635"
      },
      {
        "id": "100054303594421"
      },
      {
        "id": "100054706067959"
      },
      {
        "id": "100055943906136"
      },
      {
        "id": "100056075032272"
      },
      {
        "id": "100062441630008"
      },
      {
        "id": "100069255516638"
      },
      {
        "id": "100075058221244"
      },
      {
        "id": "100088046124795"
      },
      {
        "id": "100088309851834"
      },
      {
        "id": "100088334332155"
      },
      {
        "id": "100088490191100"
      },
      {
        "id": "100088806220727"
      },
      {
        "id": "100090794779367"
      },
      {
        "id": "100093099606387"
      }
    ]
  },
  {
    "6380570965353212": [
      {
        "id": "61552560508561"
      },
      {
        "id": "61555384006724"
      },
      {
        "id": "100040253298048"
      },
      {
        "id": "100048892837161"
      },
      {
        "id": "100066637830071"
      },
      {
        "id": "100079446515066"
      },
      {
        "id": "100085656551427"
      },
      {
        "id": "100090386029751"
      }
    ]
  }
]